Company,Code,Name,Email,Phone,Address,City,State,Postal Code,Country,Group Area ID,Customer Group ID,Vat No,CF 1,CF 2,CF 3,CF 4,CF 5,CF 6
123,A-0001,123,,012​ 412 166 / 012 980 266,ផ្លូវភ្លោះអូឫស្សី,,,,,,,,,,,,,
កាហ្វេធូដេ-Coffee Today,A-0002,Coffee Today-កាហ្វេធូដេ,,096​ 396 5296,បឹងសាឡាង,,,,,,,,,,,,,
Yamato-យ៉ាម៉ាតុ,A-0003,Yamato-យ៉ាម៉ាតុ,,012 609 998,បឹងត្របែក,,,,,,,,,,,,,
កន្លែងចាស់-Konleang Jas,A-0004,កន្លែងចាស់-Konleang Jas,,098 616 661,ក្បាលមាន់ចែ,,,,,,,,,,,,,
ចិនបូកគោ-Jin Boko,A-0005,ចិនបូកគោ-Jin Boko,,012 525 250,ស្តុបបូកគោ,,,,,,,,,,,,,
វីផ្លេស-V Place,A-0006,វីផ្លេស-V Place,,010 848 880,,,,,,,,,,,,,,
ថាយជី-Thai Ji,A-0007,ថាយជី-Thai Ji,,023 992 998,,,,,,,,,,,,,,
សៀនយៀកហួយ-Sean Yeak Huoy,A-0008,សៀនយៀកហួយ-Sean Yeak Huoy,,099 399 511,,,,,,,,,,,,,,
ក្រោយកាណាឌីយ៉ា,A-0009,ក្រោយកាណាឌីយ៉ា,,,,,,,,,,,,,,,,
អេសេន,A-0010,អេសេន,,070​ 225 102,,,,,,,,,,,,,,
ម៉ាស្សាឆ្នេមាស,A-0011,ម៉ាស្សាឆ្នេមាស,,066 885 505,,,,,,,,,,,,,,
ត្រីដុត,A-0012,ត្រីដុត,,088 865 5999,,,,,,,,,,,,,,
វីនណា,A-0013,វីនណា,,096 420 8888,,,,,,,,,,,,,,
ក្រោយតុលាការ,A-0014,ក្រោយតុលាការ,,087 728 822 / 081 764 400,,,,,,,,,,,,,,
នំខេក (ទួលទំពូង),A-0015,នំខេក (ទួលទំពូង),,087 568 080,#74 St.456 ទួលទំពូង,,,,,,,,,,,,,
លួយជី (ទួលទំពូង),A-0016,លួយជី (ទួលទំពូង),,092 393​ 924,#1D St.167 ទួលទំពូង,,,,,,,,,,,,,
លួយជី (វិមានឯករាជ្យ),B-0017,លួយជី (វិមានឯករាជ្យ),,092 430 282 / 017 323 273,#36 St.308​ វិមានឯករាជ្យ,,,,,,,,,,,,,
ហ្គោលជី (បឹងត្របែក),A-0018,ហ្គោលជី (បឹងត្របែក),,016 700 662,#9 St.101 បឹងត្របែក,,,,,,,,,,,,,
ស៊ីនស៊ាំងជី​ (មុន្នីវង្ស),A-0019,ស៊ីនស៊ាំងជី​ (មុន្នីវង្ស),,,ទល់មុខសមុទ្ររីករាយផ្លូវមុន្នីវង្ស,,,,,,,,,,,,,
សៀវជាវគ័ន (កោះពេជ្រ),B-0020,សៀវជាវគ័ន (កោះពេជ្រ),,097 739 2374,កោះពេជ្រ,,,,,,,,,,,,,
ឡាក់សឺរី-Luxery,A-0021,ឡាក់សឺរី-Luxery,,092 712 486 / 023 999 938,ក្រោយតាយតាយមុន្នីវង្ស,,,,,,,,,,,,,
ស៊ុបគោដុតវិមានកុលាប,A-0022,ស៊ុបគោដុតវិមានកុលាប,,,កោះពេជ្រ,,,,,,,,,,,,,
អ៊ីអ៊ួយ-Y Ouy,A-0023,អ៊ីអ៊ួយ-Y Ouy,,012 366 638 / 088 830 0777,,,,,,,,,,,,,,
ហេបភីហ្វាមីលីស៊ុប-Happy Family Soup,A-0024,ហេបភីហ្វាមីលីស៊ុប-Happy Family Soup,,097 685 8962 / 023 685 896,កោះពេជ្រ,,,,,,,,,,,,,
ឆុងឈីង-Chong Ching,A-0025,ឆុងឈីង-Chong Ching,,011 252 861 ,St.310,,,,,,,,,,,,,
លិធីញ-Li Ting,A-0026,លិធីញ-Li Ting,,092 991 979,បឹងត្របែក,,,,,,,,,,,,,
ហ័រស៊ីង-Hua Sing,A-0027,ហ័រស៊ីង-Hua Sing,,089 746 796 / 012 811 789,មុន្នីវង្ស,,,,,,,,,,,,,
ឡាក់គីស៊ីប (ក្នុងព្រីមផ្លាហ្សាជាន់ទី3)-Lucky Sheep,A-0028,ឡាក់គីស៊ីប (ក្នុងព្រីមផ្លាហ្សាជាន់ទី3)-Lucky Sheep,,090 362 666,ក្នុងព្រីមផ្លាហ្សា,,,,,,,,,,,,,
CEO (បាក់ទូក),A-0029,CEO (បាក់ទូក),,093 716 124 / 086 846 226,ជាប់ផាកកាហ្វេបាក់ទូក,,,,,,,,,,,,,
សាស៊ាន​ (កោះពេជ្រ)-Sa Sean Koh Pich,A-0030,សាស៊ាន​ (កោះពេជ្រ)-Sa Sean Koh Pich,,088 907 5056,កោះពេជ្រ,,,,,,,,,,,,,
ដឺខេក (បឹងត្របែក)-The Cake Berng Tro Beak,A-0031,ដឺខេក (បឹងត្របែក)-The Cake Berng Tro Beak,,085 720 333 / 093 772 296,បឹងត្របែក,,,,,,,,,,,,,
ជីមេគង្គ (អូឫស្សី)-G Mekong,A-0032,ជីមេគង្គ (អូឫស្សី)-G Mekong,khim.pichchenda092@gmail.com,092 223 230 / 089 949 818,អូឫស្សី,,,,,,,,,,,,,
ជីស្តារ (កោះពេជ្រ)-G Star,A-0033,ជីស្តារ (កោះពេជ្រ)-G Star,khim.pichchenda092@gmail.com,092 223 230 / 012 420 882,,,,,,,,,,,,,,
ហ័ងយិន (ផ្សារកាប់គោ),A-0034,ហ័ងយិន (ផ្សារកាប់គោ),,069 531 777,,,,,,,,,,,,,,
ឆ្ងាញ់ជាប់ចិត្ត,A-0035,ឆ្ងាញ់ជាប់ចិត្ត,,016 718 897,,,,,,,,,,,,,,
សាគីស៊ូគីស៊ុប​ (ទួលគោក)-Saki Suki Soup,A-0036,សាគីស៊ូគីស៊ុប​ (ទួលគោក)-Saki Suki Soup,,098 357 787,,,,,,,,,,,,,,
មាតុភូមិ (ចោមចៅ),A-0037,មាតុភូមិ (ចោមចៅ),,012​ 484 026,,,,,,,,,,,,,,
ដឹធឹរ៉េស (ទួលគោក)-The Terrace Coffee,A-0038,ដឹធឹរ៉េស (ទួលគោក)-The Terrace Coffee,soeungchanry@yahoo.com,099 305 551 / 012 512 272,,,,,,,,,,,,,,
សានសាន (មន្នីវវង្ស)-San San MV,A-0039,សានសាន (មន្នីវវង្ស)-San San MV,,092 993 368,,,,,,,,,,,,,,
ជាថៃ-Chea Thai,A-0040,ជាថៃ-Chea Thai,,096 668 8865 / 078 764 458,,,,,,,,,,,,,,
អូលីវ (បឹងត្របែក)-Olive,A-0041,អូលីវ (បឹងត្របែក)-Olive,,086 858 583,ក្រោយ KS បឹងត្របែក,,,,,,,,,,,,,
តឺយៀកឡូវ (មុន្នីវង្ស),A-0042,តឺយៀកឡូវ (មុន្នីវង្ស),,011 826 496,មុខព្រីនKTV,,,,,,,,,,,,,
ហ៊ឹឈឹង,B-0043,ហ៊ឹឈឹង,,061 316 868 / 069 316 868,,,,,,,,,,,,,,
អាហារដ្ឋានរីករាយ 338,A-0044,អាហារដ្ឋានរីករាយ 338,,011 669 269 / 010 335 215,,,,,,,,,,,,,,
វួយជៀ-Vouy Chea,A-0045,វួយជៀ-Vouy Chea,,090 673 408 / 099 860 899,,,,,,,,,,,,,,
អាជីសែន (កម្ពុជាក្រោម)-Ajisen,A-0046,អាជីសែន (កម្ពុជាក្រោម)-Ajisen,,096 674 2046 / 095 688 568,,,,,,,,,,,,,,
យ៉ុងថឹងមីស៊ូជី-Yong Terng Mi Su Ji,A-0047,យ៉ុងថឹងមីស៊ូជី-Yong Terng Mi Su Ji,,085 806 862 / 097 652 2788,,,,,,,,,,,,,,
ធីមហួរវ៉ាន់-Tim Hour Wan,A-0048,ធីមហួរវ៉ាន់-Tim Hour Wan,them.cambodia@gmail.com,016 289 666 / 093 227 818,,,,,,,,,,,,,,
យ៉ាមីម្ហូបលឿន,A-0049,យ៉ាមីម្ហូបលឿន,,023 992 996,,,,,,,,,,,,,,
ហ្គោលដិន (ទួលគោក)-Golden TK,A-0050,ហ្គោលដិន (ទួលគោក)-Golden TK,,017 364 711 / 098 889 803,,,,,,,,,,,,,,
ស៊ុបចិននៅរតនាផ្លាហ្សា,A-0051,ស៊ុបចិននៅរតនាផ្លាហ្សា,,,,,,,,,,,,,,,,
អ៊ីជាំងណាន (សាខាមីខគោ),A-0052,អ៊ីជាំងណាន (សាខាមីខគោ),,031 90 55555 012 525 250,,,,,,,,,,,,,,
អយស្ទ័របា (បឹងកេងកង)-Oyster Bar Bkk,A-0053,អយស្ទ័របា (បឹងកេងកង)-Oyster Bar Bkk,,087 779 377,#340 st.370,,,,,,,,,,,,,
សាស៊ាន (មុន្នីវង្ស),A-0054,សាស៊ាន (មុន្នីវង្ស),,,ទល់មុខអាហារសមុទ្ររីករាយមុន្នីវង្ស,,,,,,,,,,,,,
កាសា-kasa,A-0055,កាសា-kasa,,012 943 833 / 097 965 1500,,,,,,,,,,,,,,
ផ្កាយ5,A-0056,ផ្កាយ5,kimsak30@gmail.com,095 888 041,,,,,,,,,,,,,,
57ផាប់-57 Pub,A-0057,57ផាប់-57 Pub,,092​ 661 168 / 016 661 168,ជាប់ឆុងឈីង,,,,,,,,,,,,,
ស៊ុបអណ្តាតភ្លើង,A-0058,ស៊ុបអណ្តាតភ្លើង,,088 825 0440,#30 st.360,,,,,,,,,,,,,
សាស៊ាន (ស្ពានឥន្ទធនូ),A-0059,សាស៊ាន (ស្ពានឥន្ទធនូ),,090 357 770​​,,,,,,,,,,,,,,
អគីដេរ-Orkide,A-0060,អគីដេរ-Orkide,,011 388 488 / 012 636 304,,,,,,,,,,,,,,
សានសាន (តាខ្មៅ),A-0061,សានសាន (តាខ្មៅ),,092 993 368,,,,,,,,,,,,,,
វីអូតែល,A-0062,វីអូតែល,,023 988 161,#48 st.111,,,,,,,,,,,,,
កូនពពែតូច (ផ្លូវភ្លោះ),A-0063,កូនពពែតូច (ផ្លូវភ្លោះ),jing@cosmo-fi.com,017 676 764​ / 012 668 382,,,,,,,,,,,,,,
ជីងទីងសៀន,A-0064,ជីងទីងសៀន,,031 790 8777 / 071 978 8888,,,,,,,,,,,,,,
ស៊ុបតាឡុង,A-0065,ស៊ុបតាឡុង,,096 821 8628 / 088 557 3888,,,,,,,,,,,,,,
ឆាវសានឆាយ,A-0066,ឆាវសានឆាយ,,097 895 2822,#159 st.154,,,,,,,,,,,,,
ទ្រីកូតាំង,A-0067,ទ្រីកូតាំង,,016 886 086,,,,,,,,,,,,,,
សមុទ្ររីករាយ (មុន្នីវង្ស),A-0068,សមុទ្ររីករាយ (មុន្នីវង្ស),,012 289 888 / 095 939 989,,,,,,,,,,,,,,
វត្តកោះ,A-0069,វត្តកោះ,,023 988 823 / 016 409 808,,,,,,,,,,,,,,
ស៊ុបចង្កាក់ឡាក់ឡាក់ (ស្ទឹងមានជ័យ),A-0070,ស៊ុបចង្កាក់ឡាក់ឡាក់ (ស្ទឹងមានជ័យ),,081 745 223 / 015 355 551,,,,,,,,,,,,,,
ហ៊ីណូជីញជីញ,A-0071,ហ៊ីណូជីញជីញ,,023 221 685 / 069 528 555,,,,,,,,,,,,,,
ឆ័ងគូគ័រ,A-0072,ឆ័ងគូគ័រ,,077 422 215 / 096 260 9036,,,,,,,,,,,,,,
ហុងកុងម៉ាកាវ,A-0073,ហុងកុងម៉ាកាវ,,098 251 636 / 081 322 136,,,,,,,,,,,,,,
សេវេនប្រាយ (វត្តភ្នំ),A-0074,សេវេនប្រាយ (វត្តភ្នំ),,087 993 349 / 095 777 077,,,,,,,,,,,,,,
ខេមបូឌា Air Way (មុខប្រលាន),A-0075,ខេមបូឌា Air Way (មុខប្រលាន),,010 949 427,,,,,,,,,,,,,,
ទុនហ័ង (អូ​ឫស្សី),A-0076,ទុនហ័ង (អូ​ឫស្សី),,017 930 878,,,,,,,,,,,,,,
ម៉ីវួយធានថាង,A-0077,ម៉ីវួយធានថាង,,016 273 458 / 093 261 550,,,,,,,,,,,,,,
 ប៊ូហ្វេចិនជិតចិនកញ្ចក់ខ្មៅ,A-0078, ប៊ូហ្វេចិនជិតចិនកញ្ចក់ខ្មៅ,,016 325 376,,,,,,,,,,,,,,
តាយស៊ីង (សាខាញូស្តារ),A-0079,តាយស៊ីង (សាខាញូស្តារ),,017 353 568 / 098 686 768,,,,,,,,,,,,,,
ជប៉ុន370 (សាខាបឺហ្គឺ310),A-0080,ជប៉ុន370 (សាខាបឺហ្គឺ310),,012 953 565 / 087 871 112,,,,,,,,,,,,,,
ហ្គូដថែម (ទួលគោក),A-0081,ហ្គូដថែម (ទួលគោក),,011 763 280 / 036 583 8258,,,,,,,,,,,,,,
ចិនសាខាទន្លេបាសាក់ (310 កែង មុន្នីវង្ស),A-0082,ចិនសាខាទន្លេបាសាក់ (310 កែង មុន្នីវង្ស),,,,,,,,,,,,,,,,
ចិនជ្រោយចង្វារ (សាខាព្រុយត្រីឆ្លាម),A-0083,ចិនជ្រោយចង្វារ (សាខាព្រុយត្រីឆ្លាម),,,,,,,,,,,,,,,,
មាតុភូមិ (បឹងស្នោរ),A-0084,មាតុភូមិ (បឹងស្នោរ),,,,,,,,,,,,,,,,
តេប៉ាក់,A-0085,តេប៉ាក់,,096 666 6208,,,,,,,,,,,,,,
ជេស៊ីបឹហ្គឹ st.51,A-0086,ជេស៊ីបឹហ្គឹ st.51,,096 530 6019,,,,,,,,,,,,,,
មុខទន្លេបាសាក់,A-0087,មុខទន្លេបាសាក់,,070 699 759 / 070 958 435,,,,,,,,,,,,,,
ចិនកញ្ចក់ខ្មែរ,A-0088,ចិនកញ្ចក់ខ្មែរ,,086​​ 888​100​ /​ 097​ 819 6520,,,,,,,,,,,,,,
ឡៅអ៊ីវជី,A-0089,ឡៅអ៊ីវជី,,096​ 850 3333,,,,,,,,,,,,,,
ឃ្យូហោស៏,A-0090,ឃ្យូហោស៏,, 010 840 383,,,,,,,,,,,,,,
123,A-0091,123,,012 980 266,,,,,,,,,,,,,,
សោនក្លឹប,A-0092,សោនក្លឹប,,070 994 998 / 070 919 907,,,,,,,,,,,,,,
ស៊ូស៊ីតី,A-0093,ស៊ូស៊ីតី,,070​ 737​​ 649​ / 093 222 195,,,,,,,,,,,,,,
ព្រីមផ្លាហ្សា,A-0094,ព្រីមផ្លាហ្សា,,097 4599 185 / 090 36 2666,,,,,,,,,,,,,,
ហឺឆឹង,A-0095,ហឺឆឹង,,096 51 06 862 / 061 31 68 68,,,,,,,,,,,,,,
កាសា (កោះពេជ្រ),A-0096,កាសា (កោះពេជ្រ),,078 98 80 88​/​ 089 88 18 44,,,,,,,,,,,,,,
ផាកកាហ្វេ (សន្ធរមុខ),A-0097,ផាកកាហ្វេ (សន្ធរមុខ),,016​ 841 846,,,,,,,,,,,,,,
ផាកកាហ្វេ (ប៉ាស្ទ័រ),A-0098,ផាកកាហ្វេ (ប៉ាស្ទ័រ),,096 27​ 06 368,,,,,,,,,,,,,,
ផាកកាហ្វេ (ប្រលាន),A-0099,ផាកកាហ្វេ (ប្រលាន),,070​​ 57 59 93,,,,,,,,,,,,,,
ផាកកាហ្វេ (បាក់ទូក),A-0100,ផាកកាហ្វេ (បាក់ទូក),,017 882 826,,,,,,,,,,,,,,
ផាកកាហ្វេ (ផ្សារសុវណ្ណា),A-0101,ផាកកាហ្វេ (ផ្សារសុវណ្ណា),,017 882 826,,,,,,,,,,,,,,
ហ្វឺកាលី​ (st.6A),A-0102,ហ្វឺកាលី​ (st.6A),,,,,,,,,,,,,,,,
ហ្វឺកាលី​ (បឹងកេងកង),A-0103,ហ្វឺកាលី​ (បឹងកេងកង),,087 981 777,,,,,,,,,,,,,,
ហ្វឺកាលី St.205,A-0104,ហ្វឺកាលី St.205,,,,,,,,,,,,,,,,
ហ្វឺកាលី (ផ្សារថ្មី),A-0105,ហ្វឺកាលី (ផ្សារថ្មី),,087 981 777,,,,,,,,,,,,,,
ហ្វឺកាលី (ទួលគោក),A-0106,ហ្វឺកាលី (ទួលគោក),,087 981 777,,,,,,,,,,,,,,
KS បឹងត្របែក,A-0107,KS បឹងត្របែក,,096 255 5374,,,,,,,,,,,,,,
ប្រោន4 (មាត់ទន្លេ)-Brown Riverside,A-0108,ប្រោន4 (មាត់ទន្លេ)-Brown Riverside,,081 777 301 / 081 777 303,,,,,,,,,,,,,,
អ៊ិនស៊ូល (សាខាលូណា),A-0109,អ៊ិនស៊ូល (សាខាលូណា),,089​​ 236 383 / 016 277 333,#50B st.240,,,,,,,,,,,,,
អេសកាហ្វេ (នំ),A-0110,អេសកាហ្វេ (នំ),,069 995 368,,,,,,,,,,,,,,
អេសកាហ្វេ (ប៉េងប៉ោះ),A-0111,អេសកាហ្វេ (ប៉េងប៉ោះ),,017 752 207,,,,,,,,,,,,,,
អេសកាហ្វេ (លាងឡាន),A-0112,អេសកាហ្វេ (លាងឡាន),,,,,,,,,,,,,,,,
ម៉ារ៉ូហ្គាមិអ៊ូដុង (បឹងកេងកង)-Marugame Udon,A-0113,ម៉ារ៉ូហ្គាមិអ៊ូដុង (បឹងកេងកង)-Marugame Udon,,010 939  465 / 093 382 428,,,,,,,,,,,,,,
ប្រោន11 (នរោត្តម)-Brown Norodom,A-0114,ប្រោន11 (នរោត្តម)-Brown Norodom,chuo.sreylin@browncoffee.com.kh,098 999 181 / 081 777 301,,,,,,,,,,,,,,
ប្រោន10 (ស្តុបបូគោ)-Brown Boko,A-0115,ប្រោន10 (ស្តុបបូគោ)-Brown Boko,chuo.sreylin@browncoffee.com.kh,093 883 816 / 070 800 472,#23 st.57/294,,,,,,,,,,,,,
ឡុងកី (ទួលគោក)-Long Kei TK,A-0116,ឡុងកី (ទួលគោក)-Long Kei TK,,089 943 134,,,,,,,,,,,,,,
ប៊ូដាផេសកាហ្វេ (សាខាហ្វឺកាលី)-Budapest coffee,A-0117,ប៊ូដាផេសកាហ្វេ (សាខាហ្វឺកាលី)-Budapest coffee,,,,,,,,,,,,,,,,
ហ្វឺកាលី (សំរោងអណ្តែត),A-0118,ហ្វឺកាលី (សំរោងអណ្តែត),,087 981 777,,,,,,,,,,,,,,
អូហាណា,A-0119,អូហាណា,,015 274 016 / 016 881 884,,,,,,,,,,,,,,
រ៉ូឃូ (សាខាប៊ុនឈុន),A-0120,រ៉ូឃូ (សាខាប៊ុនឈុន),,023 986 202 / 098 233 566,,,,,,,,,,,,,,
ប៊ុនឈុន (ទួលគោក),A-0121,ប៊ុនឈុន (ទួលគោក),,016 673 337 / 098 986 870,,,,,,,,,,,,,,
ប៊ុនឈុន (បឹងកេងកង),A-0122,ប៊ុនឈុន (បឹងកេងកង),,098 233 566 / 023 986 202,,,,,,,,,,,,,,
ព្រីមៀម (ទួលគោក),A-0123,ព្រីមៀម (ទួលគោក),,016 678 000 / 069 916 692,,,,,,,,,,,,,,
អូអ៊ីឈិប៊ូហ្វេ (អ៊ីអន1),A-0124,អូអ៊ីឈិប៊ូហ្វេ (អ៊ីអន1),,,,,,,,,,,,,,,,
ហាហ្កា310,A-0125,ហាហ្កា310,,092 333 104 / 010 333 869,,,,,,,,,,,,,,
វ៉នដឺឡេន (កោះពេជ្រ),A-0126,វ៉នដឺឡេន (កោះពេជ្រ),,031 835 6666 / 069 254 777,,,,,,,,,,,,,,
ឡតធឺរៀ (មុន្នីវង្ស),A-0127,ឡតធឺរៀ (មុន្នីវង្ស),,093 303 555,,,,,,,,,,,,,,
ឃ្វីនអូតែល,A-0128,ឃ្វីនអូតែល,,023 211 683 / 066 299 888,,,,,,,,,,,,,,
ព្រីន (ស្តុបបូកគោ),A-0129,ព្រីន (ស្តុបបូកគោ),,069 630 666 / 069 710 777,,,,,,,,,,,,,,
តួលេស៊ួ (ម៉ុងឌីយ៉ាល់),A-0130,តួលេស៊ួ (ម៉ុងឌីយ៉ាល់),,093 308 555 / 093 855 777,,,,,,,,,,,,,,
PPM,A-0131,PPM,,010 333 067 / 010 333 020,,,,,,,,,,,,,,
ព្រីមៀម (ស្ពតក្លឹប),A-0132,ព្រីមៀម (ស្ពតក្លឹប),,078 323 264 / 015 347 347,#30 st.347,,,,,,,,,,,,,
តួលេស៊ួ (ភ្នំពេញថ្មី),A-0133,តួលេស៊ួ (ភ្នំពេញថ្មី),,093 601 777 / 093 602 777,,,,,,,,,,,,,,
ដូមីណូ (ស៊ីធីម៉ល),A-0134,ដូមីណូ (ស៊ីធីម៉ល),,093 310 222,,,,,,,,,,,,,,
កូកា (តំបន់សេដ្ឋកិច្ចពិសេស),A-0135,កូកា (តំបន់សេដ្ឋកិច្ចពិសេស),,092 333 104 / 092 333 273,,,,,,,,,,,,,,
CBM (ត្រសក់ផ្អែម),A-0136,CBM (ត្រសក់ផ្អែម),,093 451 777 / 093 311 555,#44 st.222,,,,,,,,,,,,,
ហាហ្គា (ពន្ធដាទួលគោក),A-0137,ហាហ្គា (ពន្ធដាទួលគោក),,085 333 977,,,,,,,,,,,,,,
តួលេស៊ួ (សីហនុ),A-0138,តួលេស៊ួ (សីហនុ),yangkimleang100593@gmail.com,,,,,,,,,,,,,,,
ដូមីណូ (បឹងកេងកង),A-0139,ដូមីណូ (បឹងកេងកង),,093 301 111​ / 012 965 447,,,,,,,,,,,,,,
អ៊ីសវេស,A-0140,អ៊ីសវេស,,099 333 619,,,,,,,,,,,,,,
ជីម៉ាក់ (តំបន់សេដ្ឋកិច្ចពិសេស),A-0141,ជីម៉ាក់ (តំបន់សេដ្ឋកិច្ចពិសេស),,092 333 254 / 092 333 273,,,,,,,,,,,,,,
AUPP ឫស្សីកែវវ (សាខាហាហ្កា),A-0142,AUPP ឫស្សីកែវវ (សាខាហាហ្កា),kimsea.sann@hagorcatering.com,092 333 251,,,,,,,,,,,,,,
ភូមិនខ្មែរ,A-0143,ភូមិនខ្មែរ,kimsea.sann@hagorcatering.com,092 333  178 / 092 333 176,,,,,,,,,,,,,,
បារីសេក (សាខាហាហ្កា),A-0144,បារីសេក (សាខាហាហ្កា),,092 333 251,,,,,,,,,,,,,,
តួលេស៊ួ (សូរិយា),A-0145,តួលេស៊ួ (សូរិយា),,093 310 777,,,,,,,,,,,,,,
ដូមីណូ (ភ្នំពេញថ្មី),A-0146,ដូមីណូ (ភ្នំពេញថ្មី),,093 314 222,,,,,,,,,,,,,,
តួលេស៊ួ (មុន្នីវង្ស),A-0147,តួលេស៊ួ (មុន្នីវង្ស),,093 314 222,,,,,,,,,,,,,,
សាលាក្តីខ្មែរក្រហម (សាខាហាហ្កា),A-0148,សាលាក្តីខ្មែរក្រហម (សាខាហាហ្កា),,092 333 104 / 010 333 869,,,,,,,,,,,,,,
AISPP (សាខាហាហ្កា),A-0149,AISPP (សាខាហាហ្កា),,092 333 104 / 010 333 869,,,,,,,,,,,,,,
ក្នុងសាលាពុទ្ធិសាស្រ្ត (សាខាហាហ្កា),A-0150,ក្នុងសាលាពុទ្ធិសាស្រ្ត (សាខាហាហ្កា),,092 333 245 / 085 333 977,,,,,,,,,,,,,,
A45 (កោះពេជ្រ),A-0151,A45 (កោះពេជ្រ),,016 988 233 / 017 368 875,,,,,,,,,,,,,,
សម្ផស្សបុកល្ហុង 2 (ផ្សារដេប៉ូ),A-0152,សម្ផស្សបុកល្ហុង 2 (ផ្សារដេប៉ូ),,098 985 880,st.338,,,,,,,,,,,,,
ប៉ោកី 1 (មុន្នីវង្ស),A-0153,ប៉ោកី 1 (មុន្នីវង្ស),,012 803 922 / 012 368 883,,,,,,,,,,,,,,
ស៊ូស៊ូ 2 (កោះពេជ្រ),A-0154,ស៊ូស៊ូ 2 (កោះពេជ្រ),,012 855 223 / 011 887 177,,,,,,,,,,,,,,
លូណា ,A-0155,លូណា ,,012 859 976 / 023 220 895,,,,,,,,,,,,,,
អ៊ុបហ្វីសលូណា,A-0156,អ៊ុបហ្វីសលូណា,,,,,,,,,,,,,,,,
ចិនភ្នំពេញថ្មី,A-0157,ចិនភ្នំពេញថ្មី,,,,,,,,,,,,,,,,
ឡប់ស្ទ័រ ប៊ីប៊ីឃ្យូ,A-0158,ឡប់ស្ទ័រ ប៊ីប៊ីឃ្យូ,,099 733 388,,,,,,,,,,,,,,
សម្ផស្សបុកល្ហុង 1 (ទួលស្វាយព្រៃ2),A-0159,សម្ផស្សបុកល្ហុង 1 (ទួលស្វាយព្រៃ2),,099 989 966 / 012 858 583,,,,,,,,,,,,,,
ម៉ារ៉ូហ្គាមិអ៊ូដុង (ស្ទឹងមានជ័យ),A-0160,ម៉ារ៉ូហ្គាមិអ៊ូដុង (ស្ទឹងមានជ័យ),,093 382 248,,,,,,,,,,,,,,
វីឡាសុវណ្ណា,A-0161,វីឡាសុវណ្ណា,,012 840 055,,,,,,,,,,,,,,
សុវណ្ណា (ផ្សារកាប់គោ),A-0162,សុវណ្ណា (ផ្សារកាប់គោ),,012 398 281 / 017 239 387,,,,,,,,,,,,,,
អូតែល st.282 (សាខា Number9),A-0163,អូតែល st.282 (សាខា Number9),,012 466 063,,,,,,,,,,,,,,
Numer 9,A-0164,Numer 9,,023 984 999 / 070 888 399,,,,,,,,,,,,,,
ស៊ូស៊ូ 1 (អូឡាំពិច),A-0165,ស៊ូស៊ូ 1 (អូឡាំពិច),,011 887 177 / 012 855 223,,,,,,,,,,,,,,
វីឡា35,A-0166,វីឡា35,,023 223 888 / 088 888 8803,,,,,,,,,,,,,,
ប៉ោកី 2 (ទួលគោក),A-0167,ប៉ោកី 2 (ទួលគោក),,023 223 885 / 023 976 663,,,,,,,,,,,,,,
តុងហ្វាំងម៉េងជូ,A-0168,តុងហ្វាំងម៉េងជូ,,096 888 8664,,,,,,,,,,,,,,
ខៃហ្វាន់,A-0169,ខៃហ្វាន់,,093 624 672 / 070 484 723,,,,,,,,,,,,,,
ឆេមពាន (ទួលទំពូង),A-0170,ឆេមពាន (ទួលទំពូង),,010 731 333 / 016 202 324,,,,,,,,,,,,,,
នំផារិនដា,A-0171,នំផារិនដា,,011 820 517 / 011 820 515,,,,,,,,,,,,,,
តូតូ​ st.358,A-0172,តូតូ​ st.358,,012 912 172,,,,,,,,,,,,,,
ទាខ្វៃប៉េកាំង,A-0173,ទាខ្វៃប៉េកាំង,,017 357 782,#7 st.428,,,,,,,,,,,,,
ហ៊ាពៅ,A-0174,ហ៊ាពៅ,,012 758 571,,,,,,,,,,,,,,
អាហារដ្ឋាន72,B-0175,អាហារដ្ឋាន72,,012 466 622 / 092 757 008,,,,,,,,,,,,,,
ហឹកហ្វុងផ្សារថ្មី,A-0176,ហឹកហ្វុងផ្សារថ្មី,,099 820 888,,,,,,,,,,,,,,
ចិន st.494 (ទួលទំពូង),A-0177,ចិន st.494 (ទួលទំពូង),,096 956 8302,,,,,,,,,,,,,,
អេលីត,A-0178,អេលីត,,078 638 008,,,,,,,,,,,,,,
វាលស្រែ,A-0179,វាលស្រែ,,017 773 102,,,,,,,,,,,,,,
ហ្សង់អាលីហ្សេ ,A-0180,ហ្សង់អាលីហ្សេ ,,,,,,,,,,,,,,,,
លីសាយហេង,B-0181,លីសាយហេង,,092 761 110 / 093 225 314,,,,,,,,,,,,,,
ខូវខូវស៊ាំង,A-0182,ខូវខូវស៊ាំង,,088 259 6999,,,,,,,,,,,,,,
រាត្រីសំបូរ,A-0183,រាត្រីសំបូរ,,011 857 107,,,,,,,,,,,,,,
ផ្ទះសំណាក់រាត្រីសំបូរ,A-0184,ផ្ទះសំណាក់រាត្រីសំបូរ,,011 857 107,,,,,,,,,,,,,,
មីហិរ (ទួលទំពូង),A-0185,មីហិរ (ទួលទំពូង),,015 355 551,,,,,,,,,,,,,,
ដឹឡាក់អារីយ៉ង់,A-0186,ដឹឡាក់អារីយ៉ង់,,069 788 265,,,,,,,,,,,,,,
មុខផ្សារហេងលី,A-0187,មុខផ្សារហេងលី,,069 800 807 / 098 722 258,,,,,,,,,,,,,,
សាលាបញ្ញាសាស្រ្ត (មុខវត្តបទុម្ត),A-0188,សាលាបញ្ញាសាស្រ្ត (មុខវត្តបទុម្ត),,023 216 596 / 085 839 968,,,,,,,,,,,,,,
ឃីងហ្រ្គេន 1 (មាត់ទន្លេ),A-0189,ឃីងហ្រ្គេន 1 (មាត់ទន្លេ),,017 887 899 / 089 846 784,,,,,,,,,,,,,,
ម៉េងជូ,A-0190,ម៉េងជូ,,011 708 787,,,,,,,,,,,,,,
ទាំក្រះធើយ (បឹងកក់),A-0191,ទាំក្រះធើយ (បឹងកក់),sreyneath.saing@lbngroups.com,017 777 609 / 092 999 175,,,,,,,,,,,,,,
ដឹវើល (បឹងត្របែក),A-0192,ដឹវើល (បឹងត្របែក),,016 717 172 / 061 808 888,,,,,,,,,,,,,,
ហ្គ្រេនភ្មំពេញ,A-0193,ហ្គ្រេនភ្មំពេញ,,069 777 310 / 011 333 372,,,,,,,,,,,,,,
ទ្រីកាហ្វេ,A-0194,ទ្រីកាហ្វេ,,010 250 357,#5E st.152,,,,,,,,,,,,,
ហាងជប៉ុន (សាខាត្បាល់ខ្មែរ),A-0195,ហាងជប៉ុន (សាខាត្បាល់ខ្មែរ),,,ជិតម្ហូបអ្នកម្តាយ,,,,,,,,,,,,,
A1,A-0196,A1,,023 724 146,,,,,,,,,,,,,,
ម៉នស្ទ័រ (ម្តុំសាលាហ៊ុននាង),A-0197,ម៉នស្ទ័រ (ម្តុំសាលាហ៊ុននាង),,087 777 262 / 069 216 641,ម្តុំសាលាហ៊ុននាង ផ្លូវចូលលីឡានៅខាងឆ្វេងដៃ,,,,,,,,,,,,,
កូនតី (ទួលគោក),A-0198,កូនតី (ទួលគោក),,011 393 999 / 012 477 559,,,,,,,,,,,,,,
វីឡាលេខ3,A-0199,វីឡាលេខ3,,012 602 757,,,,,,,,,,,,,,
បីធំ,A-0200,បីធំ,,,,,,,,,,,,,,,,
មីកៅដាយ,A-0201,មីកៅដាយ,,092 799 332,#4Z st.197 ,,,,,,,,,,,,,
ឃីវី ផ្លូវ310,A-0202,ឃីវី ផ្លូវ310,,089 966 966 / 012 839 365,"#31 st.310 ,SK.BKK1 PP",,,,,,,,,,,,,
ស្តូនគ្រៀល (បឹងកក់),A-0203,ស្តូនគ្រៀល (បឹងកក់),,,,,,,,,,,,,,,,
បុប្ផាអង្គរ (បឹងស្នោរ),A-0204,បុប្ផាអង្គរ (បឹងស្នោរ),,012 489 895 / 015 933 331,,,,,,,,,,,,,,
សាន់អេនមូន,A-0205,សាន់អេនមូន,,012 967 337 / 012 895 295,,,,,,,,,,,,,,
ដឹផេនដា,A-0206,ដឹផេនដា,,081 955 486,ខាងត្បូងពេទ្យរូស្សីទល់មុខលាងម៉ូតូ,,,,,,,,,,,,,
ភូមិសាច់អាំង 168,A-0207,ភូមិសាច់អាំង 168,,098 222 203 / 096 399 6256,,,,,,,,,,,,,,
ម៉ូណែត,A-0208,ម៉ូណែត,,088 810 1118,,,,,,,,,,,,,,
បៀរស៊ីធី (សូរិយាម៉ល),A-0209,បៀរស៊ីធី (សូរិយាម៉ល),,012 871 300,,,,,,,,,,,,,,
វីថេស (ម្តុំស្ពានហង្ស),A-0210,វីថេស (ម្តុំស្ពានហង្ស),,015 864 404,,,,,,,,,,,,,,
មីហិរ 371,A-0211,មីហិរ 371,,096 666 0888 / 081 404 602,,,,,,,,,,,,,,
អារ៉ូម៉ា (បឹងត្របែក),A-0212,អារ៉ូម៉ា (បឹងត្របែក),,069 227 257,,,,,,,,,,,,,,
វីឡាទួលគោក,A-0213,វីឡាទួលគោក,,098 220 192 / 097 967 3936,,,,,,,,,,,,,,
មីបាក់ទូក,A-0214,មីបាក់ទូក,,012 588 085 / 015 888 861,st.164,,,,,,,,,,,,,
ខេមបូប្រីច (មុខពេទ្យរូស្សី),A-0215,ខេមបូប្រីច (មុខពេទ្យរូស្សី),,017 440 071 / 017 592 990,#10 st.195,,,,,,,,,,,,,
ហ៊ួយពីងយាន,B-0216,ហ៊ួយពីងយាន,,097 331 5698,#28 st.302,,,,,,,,,,,,,
តាំក្រះធើយ (ចតុមុខ),A-0217,តាំក្រះធើយ (ចតុមុខ),,092 999 163,,,,,,,,,,,,,,
ដូមីណូ IFL,A-0218,ដូមីណូ IFL,sokhy.d@kyochoncam.com,093 931 111 / 093 309 222,,,,,,,,,,,,,,
ស៊ុបក្រពះជ្រូក (បឹងកក់),B-0219,ស៊ុបក្រពះជ្រូក (បឹងកក់),,010 309 556 / 092 472 025,,,,,,,,,,,,,,
អេសកាហ្វេ (ទួលគោក),A-0220,អេសកាហ្វេ (ទួលគោក),,017 752 207 / 015 752 207,,,,,,,,,,,,,,
ហ្វឺកាលី (ម៉ុងរិទ្ធី),A-0221,ហ្វឺកាលី (ម៉ុងរិទ្ធី),,087 981 777,,,,,,,,,,,,,,
មីឆាវីនីស,B-0222,មីឆាវីនីស,,093 208 797,,,,,,,,,,,,,,
ND Gas st.371,C-0223,ND Gas st.371,,012 610 048 / 017 293 789,,,,,,,,,,,,,,
ហ្វឺកាលី (ផ្លូវ205),A-0224,ហ្វឺកាលី (ផ្លូវ205),,,,,,,,,,,,,,,,
ឡុងកី (ទួលស្វាយព្រៃ),A-0225,ឡុងកី (ទួលស្វាយព្រៃ),,,,,,,,,,,,,,,,
មឹកស្រួយ,A-0226,មឹកស្រួយ,,077 399 596,,,,,,,,,,,,,,
ដុយម៉ិច,C-0227,ដុយម៉ិច,,012 864 998 / 087 864 998,,,,,,,,,,,,,,
ហ៊ុយថន,C-0228,ហ៊ុយថន,,012 456 502 / 017 503 042,,,,,,,,,,,,,,
មេគង្គ74,A-0229,មេគង្គ74,,031 322 2261,,,,,,,,,,,,,,
ស៊ីណេឈើកាហ្វេ (មុខសាលាវេសស្ទឺនទួលគោក),A-0230,ស៊ីណេឈើកាហ្វេ (មុខសាលាវេសស្ទឺនទួលគោក),,077 223 699,,,,,,,,,,,,,,
ណារ៉ាហ្គាស,C-0231,ណារ៉ាហ្គាស,,012 986 006 / 011 986 006,,,,,,,,,,,,,,
ស៊ូលីវស៊ាន,B-0232,ស៊ូលីវស៊ាន,,097 725 5381,st.306 ,,,,,,,,,,,,,
សណ្ឋាគារក្រវ៉ាន់ ,A-0233,សណ្ឋាគារក្រវ៉ាន់ ,ap@kravanhotel.com,017 231 501,,,,,,,,,,,,,,
ផាកកាហ្វេ (ត្រសក់ផ្អែម),A-0234,ផាកកាហ្វេ (ត្រសក់ផ្អែម),,015 222 431 / 016 841 846,,,,,,,,,,,,,,
ធីខេក st.199,B-0235,ធីខេក st.199,,012 365 678 / 010 365 678,,,,,,,,,,,,,,
បឺហ្គឺ (ទួលគោក),A-0236,បឺហ្គឺ (ទួលគោក),socheat.thfnb@gmail.com,017 554 558 / 012 953 565,,,,,,,,,,,,,,
បឺហ្គឺ st.310,A-0237,បឺហ្គឺ st.310,,070 638 500,,,,,,,,,,,,,,
សម្ផស្សបុកល្ហុង 3 (ផ្សារដេប៉ូ),B-0238,សម្ផស្សបុកល្ហុង 3 (ផ្សារដេប៉ូ),,,,,,,,,,,,,,,,
ត្បាល់ខ្មែរ (ស៊ីសុវត្ថិ),A-0239,ត្បាល់ខ្មែរ (ស៊ីសុវត្ថិ),,096 849 0248,,,,,,,,,,,,,,
ត្បាល់ខ្មែរ (ផ្សារថ្មី),A-0240,ត្បាល់ខ្មែរ (ផ្សារថ្មី),,098 900 208,,,,,,,,,,,,,,
ស៊ុបផានជឺ,B-0241,ស៊ុបផានជឺ,,,ជិតសោនក្លឹប,,,,,,,,,,,,,
ល្មុតទុំ,B-0242,ល្មុតទុំ,,098 519 999 / 092 945 353,,,,,,,,,,,,,,
ចិន 88,A-0243,ចិន 88,,089 956 925,,,,,,,,,,,,,,
ភូមិគ្រឹះទន្លេ (ច្បារអំពៅ),A-0244,ភូមិគ្រឹះទន្លេ (ច្បារអំពៅ),,015 828 314 / 098 264 830,,,,,,,,,,,,,,
ដកម៉ៃ st.271,B-0245,ដកម៉ៃ st.271,,015 212 049,st.271 ជាប់ផាកកាហ្វេសុវណ្ណា,,,,,,,,,,,,,
ដានីថា,A-0246,ដានីថា,,017 257 767,#9 st.150,,,,,,,,,,,,,
ចិន #42 st.334,B-0247,ចិន #42 st.334,,061 204 767,,,,,,,,,,,,,,
អាម៉ូន្នី (ទួលស្លែង),B-0248,អាម៉ូន្នី (ទួលស្លែង),,087 799 192,,,,,,,,,,,,,,
រតនះ168 (បឹងសាឡាង),B-0249,រតនះ168 (បឹងសាឡាង),,092 667 669 / 017 844 441,,,,,,,,,,,,,,
រ៉ាក់សិការ,A-0250,រ៉ាក់សិការ,,,#150 st.316D,,,,,,,,,,,,,
#34 st.294 (ជិតវិមានឯករាជ្យ),B-0251,#34 st.294 (ជិតវិមានឯករាជ្យ),,096578 1821,,,,,,,,,,,,,,
អង្គរជុំ (បឹងសាឡាង),A-0252,អង្គរជុំ (បឹងសាឡាង),,070 766 092 / 015 962 535,,,,,,,,,,,,,,
យូអ៊ី,B-0253,យូអ៊ី,,088 856 1561,#72 st.122,,,,,,,,,,,,,
ចិន st.322 (សាខាចិនកញ្ចក់ខ្មៅ),A-0254,ចិន st.322 (សាខាចិនកញ្ចក់ខ្មៅ),,,,,,,,,,,,,,,,
Black Wood (ក្រោយទូតចិន),B-0255,Black Wood (ក្រោយទូតចិន),,092 544 496,,,,,,,,,,,,,,
ទល់មុខរ៉ា (សូរិយាម៉ល),B-0256,ទល់មុខរ៉ា (សូរិយាម៉ល),,069 664 456,,,,,,,,,,,,,,
យីសៀន (កោះពេជ្រ),B-0257,យីសៀន (កោះពេជ្រ),,,,,,,,,,,,,,,,
រ៉ូឃូ (បឹងកេងកង),A-0258,រ៉ូឃូ (បឹងកេងកង),,077 878 889,,,,,,,,,,,,,,
អង់តែនទួលគោក,B-0259,អង់តែនទួលគោក,,010 286 888,,,,,,,,,,,,,,
ខ្ទះដោរ,B-0260,ខ្ទះដោរ,,069 729 928,,,,,,,,,,,,,,
អាប៉ូឡូ,C-0261,អាប៉ូឡូ,,017 518 666 / 010 518 666,,,,,,,,,,,,,,
គីមហាក់ (ម៉ាក់),C-0262,គីមហាក់ (ម៉ាក់),,099 999 234,,,,,,,,,,,,,,
គីមហាក់ (កូន),C-0263,គីមហាក់ (កូន),,,,,,,,,,,,,,,,
សហគមន៏កសិកម្មសែនហានចម្រើនផល,B-0264,សហគមន៏កសិកម្មសែនហានចម្រើនផល,,012 555 213 / 097 400 3003,,,,,,,,,,,,,,
អង្គការសន្សំដើម្បីអភិវឌ្ឍន៏,B-0265,អង្គការសន្សំដើម្បីអភិវឌ្ឍន៏,,070 888 744 / 070 888 224,,,,,,,,,,,,,,
ឃ្លាំងលេខ4,A-0266,ឃ្លាំងលេខ4,,088 788 8681 ,,,,,,,,,,,,,,
ឈូកទិព្វ,A-0267,ឈូកទិព្វ,,011 903 121 / 015 958 501,,,,,,,,,,,,,,
បោកគក់ចំការដូង,B-0268,បោកគក់ចំការដូង,,093 661 688,,,,,,,,,,,,,,
កោះពេជ្រ,A-0269,កោះពេជ្រ,,097 661 1133 / 012 757 412,,,,,,,,,,,,,,
ហួរលី,B-0270,ហួរលី,,012 229 333,,,,,,,,,,,,,,
ឡាយងួនចេង,B-0271,ឡាយងួនចេង,,012 858 838,,,,,,,,,,,,,,
KS (បឹងកេងកង),A-0272,KS (បឹងកេងកង),,096 699 8989,,,,,,,,,,,,,,
ម៉ាម៉ាកាហ្វេ (បឹងត្របែក),B-0273,ម៉ាម៉ាកាហ្វេ (បឹងត្របែក),,070 559 592,,,,,,,,,,,,,,
#42 st.63 (សាខាខូវខូវស៊ាំង),B-0274,#42 st.63 (សាខាខូវខូវស៊ាំង),,,,,,,,,,,,,,,,
123 គ្រឿងសមុទ្រ,B-0275,123 គ្រឿងសមុទ្រ,,012 963 319,,,,,,,,,,,,,,
អេលីស (កម្ពុជាក្រោម),A-0276,អេលីស (កម្ពុជាក្រោម),,071 300 0825,,,,,,,,,,,,,,
អេលីស (ផ្សារដេប៉ូ),A-0277,អេលីស (ផ្សារដេប៉ូ),,071 796 8888,,,,,,,,,,,,,,
ម្ទេសធំ (បបរឆ្ងាញ់),B-0278,ម្ទេសធំ (បបរឆ្ងាញ់),,010 835 384,,,,,,,,,,,,,,
វាលកាហ្វេ (ច្រមុះជ្រូកដុយម៉ិច),B-0279,វាលកាហ្វេ (ច្រមុះជ្រូកដុយម៉ិច),,012 401 019,,,,,,,,,,,,,,
ផ្ទះបាំងកក,B-0280,ផ្ទះបាំងកក,,017 585 535 / 016 443 225,,,,,,,,,,,,,,
សុហ្វៀឃីតឆេន (ប្រលាន),B-0281,សុហ្វៀឃីតឆេន (ប្រលាន),,016 804 933 / 015 504 326,,,,,,,,,,,,,,
សិគិ,B-0282,សិគិ,,010 947 447 / 095 542 329,,,,,,,,,,,,,,
ផ្សារកាប់គោ,B-0283,ផ្សារកាប់គោ,,012 702 708,,,,,,,,,,,,,,
ហ៊ាស៊ូទ្រី,C-0284,ហ៊ាស៊ូទ្រី,,012 527 464,,,,,,,,,,,,,,
ហ្វឺសាមគ្គី,B-0285,ហ្វឺសាមគ្គី,,012 688 955 / 015 333 389,,,,,,,,,,,,,,
នំបុ័ងណូរ៉ា,B-0286,នំបុ័ងណូរ៉ា,,010 962 983 / 070 770 896,,,,,,,,,,,,,,
555,B-0287,555,,071 222 0555 / 092 828 898,,,,,,,,,,,,,,
មីតអេនត្រីង,B-0288,មីតអេនត្រីង,,012 707 884,,,,,,,,,,,,,,
ក្រវ៉ាញ (ទួលទំពូង),B-0289,ក្រវ៉ាញ (ទួលទំពូង),,012 319 111,,,,,,,,,,,,,,
ផ្សារPC,C-0290,ផ្សារPC,,096 260 5994,,,,,,,,,,,,,,
អង្គរថោន ,B-0291,អង្គរថោន ,,096 303 3333 / 076 222 2233,,,,,,,,,,,,,,
បង្កងនាគ (ស្តុបបូកគោ),A-0292,បង្កងនាគ (ស្តុបបូកគោ),,,,,,,,,,,,,,,,
អាខូស្ទិក,A-0293,អាខូស្ទិក,,015 3333 69,,,,,,,,,,,,,,
ជារិទ្ធីហេង,B-0294,ជារិទ្ធីហេង,,011 666 666 / 087 300 009,,,,,,,,,,,,,,
ហុងហាក់ហៀង,B-0295,ហុងហាក់ហៀង,,,,,,,,,,,,,,,,
CTN,B-0296,CTN,,081 294 615,,,,,,,,,,,,,,
ខ្ទឹមស (បឹងត្របែក),B-0297,ខ្ទឹមស (បឹងត្របែក),,089 888 863,,,,,,,,,,,,,,
សមុទ្របៃតង,B-0298,សមុទ្របៃតង,,012 964 744 / 077 622 229,,,,,,,,,,,,,,
ស្វាងតារ៉ា,B-0299,ស្វាងតារ៉ា,,012 901 898 / 012 459 339,,,,,,,,,,,,,,
ហេងហេងគ្រឿងសមុទ្រ,B-0300,ហេងហេងគ្រឿងសមុទ្រ,,017 581 188,,,,,,,,,,,,,,
ហ្វឺមេគង្គ,B-0301,ហ្វឺមេគង្គ,,097 899 1122,#47 st.223,,,,,,,,,,,,,
នំបុ័ងបឹងសាឡាង,B-0302,នំបុ័ងបឹងសាឡាង,,012 672 674 / 012 866 800,,,,,,,,,,,,,,
ហ្វឹកយាន (ផ្សារថ្មី),B-0303,ហ្វឹកយាន (ផ្សារថ្មី),,,,,,,,,,,,,,,,
ស្កាយផត (សាខាជារិទ្ធីហេង),B-0304,ស្កាយផត (សាខាជារិទ្ធីហេង),,012 969​305,,,,,,,,,,,,,,
ក្លឹប55,B-0305,ក្លឹប55,,089 422 843,,,,,,,,,,,,,,
នំបុ័ងផ្សារដេប៉ូ,B-0306,នំបុ័ងផ្សារដេប៉ូ,,010 989 168 / 017 212 598,,,,,,,,,,,,,,
ហួរណាម (ស្តុបបូកគោ),B-0307,ហួរណាម (ស្តុបបូកគោ),,011 610 616,,,,,,,,,,,,,,
សាលាបញ្ញាសាស្រ្ត (ជិតប្រោននរោត្តម),B-0308,សាលាបញ្ញាសាស្រ្ត (ជិតប្រោននរោត្តម),,,,,,,,,,,,,,,,
ស៊ូវួយស៊ាន st.128,B-0309,ស៊ូវួយស៊ាន st.128,,088 535 1350 / 012 729 901,ហួសបុរីអគីដេរ 2004 ឃើញវីងស្តាំដៃ,,,,,,,,,,,,,
ហួសបួរីអគីដេរ #79 st.2004,B-0310,ហួសបួរីអគីដេរ #79 st.2004,,078 507 882,,,,,,,,,,,,,,
ដាច់យប់ (ផ្សារស៊ីលឹប),B-0311,ដាច់យប់ (ផ្សារស៊ីលឹប),,089 307 777,,,,,,,,,,,,,,
ឡត 369 កាហ្វេ (អមតះចាស់),B-0312,ឡត 369 កាហ្វេ (អមតះចាស់),,012 484 111 / 012 750 430,,,,,,,,,,,,,,
ស៊ីវើលតាទី,B-0313,ស៊ីវើលតាទី,,012 813 817 / 012 336 296,,,,,,,,,,,,,,
ធូណាយ,B-0314,ធូណាយ,,087 488 882,,,,,,,,,,,,,,
ស៊ីនយ៉ា,B-0315,ស៊ីនយ៉ា,,017 998 830,,,,,,,,,,,,,,
ស្វាយគ្រប់រដូវ st.348,B-0316,ស្វាយគ្រប់រដូវ st.348,,085 595 959,,,,,,,,,,,,,,
Class Café,B-0317,Class Café,,023 454 5008,បញ្ឆិតសាលាវឹស្ទើនទួលគោក,,,,,,,,,,,,,
ម៉ាស្សាបូពារ៍,B-0318,ម៉ាស្សាបូពារ៍,,099 /23 191 / 096 979 9291,,,,,,,,,,,,,,
រ៉ក់ខូលស្ទូន (ក្រោយព្រឹតសភា),B-0319,រ៉ក់ខូលស្ទូន (ក្រោយព្រឹតសភា),,086 799 991,,,,,,,,,,,,,,
ហាងបាយក្រោយវ៉ាន់ដា,B-0320,ហាងបាយក្រោយវ៉ាន់ដា,,096 456 7086,,,,,,,,,,,,,,
វីឡាជ្រោយចង្វារ,B-0321,វីឡាជ្រោយចង្វារ,,098 688 552 / 010 303 306,,,,,,,,,,,,,,
លីហួង (លក់អង្ករ),B-0322,លីហួង (លក់អង្ករ),,,,,,,,,,,,,,,,
ហ៊ាកៅ (ទួលគោក),B-0323,ហ៊ាកៅ (ទួលគោក),,086 555 090,,,,,,,,,,,,,,
ហាងកូរ៉េ st.288,B-0324,ហាងកូរ៉េ st.288,,098 568 087,,,,,,,,,,,,,,
អង្គការមុខផ្សារហេងលី,B-0325,អង្គការមុខផ្សារហេងលី,,092 992 364,,,,,,,,,,,,,,
570,B-0326,570,,093 755 616 ,,,,,,,,,,,,,,
មីស្ទ័រម៉ាប់ 123,B-0327,មីស្ទ័រម៉ាប់ 123,,087 525 777 / 087 523 777,,,,,,,,,,,,,,
បាយមាន់សាំងហ្គាពួរ,B-0328,បាយមាន់សាំងហ្គាពួរ,​,,,,,,,,,,,,,,,
លីឡា (បឹងត្របែក),B-0329,លីឡា (បឹងត្របែក),,015 222 150 / 096 275 2992,,,,,,,,,,,,,,
លីណាផា,D-0330,លីណាផា,,016 214 555 /089 900 663,,,,,,,,,,,,,,
ម្ហូបអ្នកម្តាយ,B-0331,ម្ហូបអ្នកម្តាយ,,097 438 7240,,,,,,,,,,,,,,
សាយហ្គនស៊ីតធី,B-0332,សាយហ្គនស៊ីតធី,,023 991 938 / 086 463 672,,,,,,,,,,,,,,
ហ៊ាលីន,B-0333,ហ៊ាលីន,,012 309 666,,,,,,,,,,,,,,
កាហ្វេ អាមួសៀន,B-0334,កាហ្វេ អាមួសៀន,,012 597 800,,,,,,,,,,,,,,
ប្រាយប្រីច,B-0335,ប្រាយប្រីច,,023 229 168 / 015 224 885,#270 st.63,,,,,,,,,,,,,
ទូតចិន,B-0336,ទូតចិន,,012 901 805 / 012 999 117,,,,,,,,,,,,,,
ក្រោយស៊ែលខាត,B-0337,ក្រោយស៊ែលខាត,,012 982 184 / 086 809 494,,,,,,,,,,,,,,
ចំហ៊ុយត្រី,B-0338,ចំហ៊ុយត្រី,,012 998 832 / 012 317 744,,,,,,,,,,,,,,
បាយនាគមាស,B-0339,បាយនាគមាស,,010 915 688,,,,,,,,,,,,,,
បាយធានឆឹង,B-0340,បាយធានឆឹង,,089 993 082 / 093 401 731,,,,,,,,,,,,,,
ពេទ្យកុមារជាតិ,A-0341,ពេទ្យកុមារជាតិ,,012 849 184 / 092 713 422,,,,,,,,,,,,,,
ផ្ទះបាយខ្ញុំ,A-0342,ផ្ទះបាយខ្ញុំ,,017 822 345 / 016 291 168,,,,,,,,,,,,,,
ហ្សាតូរី,B-0343,ហ្សាតូរី,,096 610 7506,#148 st.110,,,,,,,,,,,,,
ការ៉ាស់ឡាន222 (ដឹស្តម),A-0344,ការ៉ាស់ឡាន222 (ដឹស្តម),,012 823 838 / 087 765 232,,,,,,,,,,,,,,
នំប៉ាវបួសសាលាទួនហ្វា,B-0345,នំប៉ាវបួសសាលាទួនហ្វា,,,,,,,,,,,,,,,,
មីសាច់គោ,B-0346,មីសាច់គោ,,097 232 2399,,,,,,,,,,,,,,
សាស៊ីមិស៊ូស៊ី,B-0347,សាស៊ីមិស៊ូស៊ី,,097 642 8888,,,,,,,,,,,,,,
X2 ផ្លូវភ្លោះ,B-0348,X2 ផ្លូវភ្លោះ,,011 555 895 / 011 335 152,,,,,,,,,,,,,,
ខ្មែរថៃ-XO,B-0349,ខ្មែរថៃ-XO,,011 910 912 / 015 910 912,,,,,,,,,,,,,,
ឡាយលាងហេង,B-0350,ឡាយលាងហេង,,011 259 438,,,,,,,,,,,,,,
មន្ទីពេទ្យសង់ត្រាល់,B-0351,មន្ទីពេទ្យសង់ត្រាល់,,012 957 627 / 023 214 955,,,,,,,,,,,,,,
វី,C-0352,វី,,017 765 290 / 096 237 9825,,,,,,,,,,,,,,
ដីថ្មី,C-0353,ដីថ្មី,,012 592 932,,,,,,,,,,,,,,
ប៉ាហ៊ុយថន,C-0354,ប៉ាហ៊ុយថន,,070 633 370 / 012 486 502,,,,,,,,,,,,,,
28C បញ្ចូលកំប៉ុង,C-0355,28C បញ្ចូលកំប៉ុង,,092 337 773,,,,,,,,,,,,,,
ផ្ទះទឹកកក,C-0356,ផ្ទះទឹកកក,,011 227 622 / 077 876 620,,,,,,,,,,,,,,
ពូមាន,C-0357,ពូមាន,,088 666 1657 / 096 757 7715,,,,,,,,,,,,,,
បុរីពិភពថ្មី (ព្រៃសហួសស្ពានដែក),C-0358,បុរីពិភពថ្មី (ព្រៃសហួសស្ពានដែក),,092 458 676 / 096 516 620,,,,,,,,,,,,,,
លាបវាសនា,C-0359,លាបវាសនា,,012 516 848 / 077 909 019,,,,,,,,,,,,,,
បងចាន់ថន,C-0360,បងចាន់ថន,,012 476 607,,,,,,,,,,,,,,
រស្មីទូកមាស,C-0361,រស្មីទូកមាស,,033 660​ 0444 / 088 677 7202,,,,,,,,,,,,,,
បងសុផាន,C-0362,បងសុផាន,,012 364 515,,,,,,,,,,,,,,
មុខវត្តនួនមុន្នី,C-0363,មុខវត្តនួនមុន្នី,,017 847 430,,,,,,,,,,,,,,
បុរីកីឡា,C-0364,បុរីកីឡា,,070 464 340,,,,,,,,,,,,,,
ពូហន,C-0365,ពូហន,,085 811 921,,,,,,,,,,,,,,
ខាកោះធំ,C-0366,ខាកោះធំ,,012 573 853 / 092 171 616,,,,,,,,,,,,,,
សុផាតទឹកថ្លា,C-0367,សុផាតទឹកថ្លា,,077 762 686 / 096 276 2686,,,,,,,,,,,,,,
ថាច,C-0368,ថាច,,023 663 8866 / 010 914 755,,,,,,,,,,,,,,
ហ៊ាគ្រាង,C-0369,ហ៊ាគ្រាង,,012 201 538,,,,,,,,,,,,,,
វត្តទឹកថ្លា,C-0370,វត្តទឹកថ្លា,,011 ​​​​​​​​​​​​028 981,,,,,,,,,,,,,,
តាម៉ាប់,C-0371,តាម៉ាប់,,017 787 199,,,,,,,,,,,,,,
ធាហេង អ៊ីណុក,D-0372,ធាហេង អ៊ីណុក,,015 338 499,,,,,,,,,,,,,,
គីមប៉ អ៊ីណុក,D-0373,គីមប៉ អ៊ីណុក,,012 858 659 / 012 345 082,,,,,,,,,,,,,,
ឃីងឃីតឆេន អ៊ីណុក,D-0374,ឃីងឃីតឆេន អ៊ីណុក,,092 719 274,,,,,,,,,,,,,,
ថៃឡុង អ៊ីណុក,D-0375,ថៃឡុង អ៊ីណុក,,,,,,,,,,,,,,,,
សាមប៊ុនធួន អ៊ីណុក,D-0376,សាមប៊ុនធួន អ៊ីណុក,,012 233 439 / 098 333 439,,,,,,,,,,,,,,
ជីស៊ុន អ៊ីណុក,D-0377,ជីស៊ុន អ៊ីណុក,,,,,,,,,,,,,,,,
រតនះ អ៊ីណុក,D-0378,រតនះ អ៊ីណុក,,,,,,,,,,,,,,,,
ហេងលីម អ៊ីណុក,D-0379,ហេងលីម អ៊ីណុក,,,,,,,,,,,,,,,,
រីណាន អ៊ីណុក,D-0380,រីណាន អ៊ីណុក,,,,,,,,,,,,,,,,
ចិនឡានលឿង អ៊ីណុក,D-0381,ចិនឡានលឿង អ៊ីណុក,,,,,,,,,,,,,,,,
ស្ពានអាកាស អ៊ីណុក,D-0382,ស្ពានអាកាស អ៊ីណុក,,,,,,,,,,,,,,,,
មិចហ្គាស,C-0383,មិចហ្គាស,,,,,,,,,,,,,,,,
រតះនះបញ្ញា អ៊ីណុក,D-0384,រតះនះបញ្ញា អ៊ីណុក,,,,,,,,,,,,,,,,
លីហេង អ៊ីណុក,D-0385,លីហេង អ៊ីណុក,,,,,,,,,,,,,,,,
ចិនស្គម អ៊ីណុក,D-0386,ចិនស្គម អ៊ីណុក,,,,,,,,,,,,,,,,
គួងហុង អ៊ីណុក,D-0387,គួងហុង អ៊ីណុក,,,,,,,,,,,,,,,,
ជីងហ្វូ អ៊ីណុក,D-0388,ជីងហ្វូ អ៊ីណុក,,,,,,,,,,,,,,,,
ឆាលី អ៊ីណុក,D-0389,ឆាលី អ៊ីណុក,,,,,,,,,,,,,,,,
ចាន់ថុល អ៊ីណុក,D-0390,ចាន់ថុល អ៊ីណុក,,,,,,,,,,,,,,,,
Chales Wembley អ៊ីណុក,D-0391,Chales Wembley អ៊ីណុក,,,,,,,,,,,,,,,,
ហាក់ហួរ អ៊ីណុក,D-0392,ហាក់ហួរ អ៊ីណុក,,,,,,,,,,,,,,,,
ហាក់ងួន អ៊ីណុក,D-0393,ហាក់ងួន អ៊ីណុក,,,,,,,,,,,,,,,,
ហេងចំណូល អ៊ីណុក,D-0394,ហេងចំណូល អ៊ីណុក,,,,,,,,,,,,,,,,
ហេងសុខជា អ៊ីណុក,D-0395,ហេងសុខជា អ៊ីណុក,,012 882 347 / 015 882 347,,,,,,,,,,,,,,
អាយមេត អ៊ីណុក,D-0396,អាយមេត អ៊ីណុក,,098 938 001,,,,,,,,,,,,,,
គីមហ័រស្រេង,D-0397,គីមហ័រស្រេង,,089 642 098 / 088 888 9060,,,,,,,,,,,,,,
វេងសេង អ៊ីណុក,D-0398,វេងសេង អ៊ីណុក,,011 222 938,,,,,,,,,,,,,,
Ultimate អ៊ីណុក,D-0399,Ultimate អ៊ីណុក,,077 687 168 / 023 214 128,,,,,,,,,,,,,,
វេងស៊ាង អ៊ីណុក,D-0400,វេងស៊ាង អ៊ីណុក,,012 882 871 / 017 222 522,,,,,,,,,,,,,,
ប៊ិចសាន់,C-0401,ប៊ិចសាន់,,086 777 686,,,,,,,,,,,,,,
បងរុំ (ស្វាយរៀង),C-0402,បងរុំ (ស្វាយរៀង),,016 792 222,,,,,,,,,,,,,,
ប្រេងយើង (រតះនះគីរី),C-0403,ប្រេងយើង (រតះនះគីរី),,099 988 888 / 077 988 898,,,,,,,,,,,,,,
យីហ្គេចហេង ហ្គាស (Chea Theary),C-0404,យីហ្គេចហេង ហ្គាស (Chea Theary),,,,,,,,,,,,,,,,
គ្រីស្ទាល់ ហ្គាស,C-0405,គ្រីស្ទាល់ ហ្គាស,,012 226 441,,,,,,,,,,,,,,
ដួងតារា ហ្គាស,C-0406,ដួងតារា ហ្គាស,,093 900 902 / 012 619 306,,,,,,,,,,,,,,
អៀហួពី,C-0407,អៀហួពី,,061 676 707 / 098 676 567,,,,,,,,,,,,,,
ហ្គេចឡាយ ហ្គាស,C-0408,ហ្គេចឡាយ ហ្គាស,,012 723 553,,,,,,,,,,,,,,
ហ៊ាម៉េង (ស្វាយរៀង),C-0409,ហ៊ាម៉េង (ស្វាយរៀង),,097 783 6662,,,,,,,,,,,,,,
ហ៊ានៅទឹកថ្លា (រស្មីហេងឡាយ),C-0410,ហ៊ានៅទឹកថ្លា (រស្មីហេងឡាយ),,099 508 509 / 098 756 164,,,,,,,,,,,,,,
ហុងហេង ហ្គាស (ព្រែកឯង),C-0411,ហុងហេង ហ្គាស (ព្រែកឯង),,015 666 898 / 078 666​ 898 ,,,,,,,,,,,,,,
ហួរ (កណ្កាល),C-0412,ហួរ (កណ្កាល),,086 635 373,,,,,,,,,,,,,,
ជ្រៃធំ,C-0413,ជ្រៃធំ,,093 504 344,,,,,,,,,,,,,,
ជន់ សុជាតិ ហ្គាស,C-0414,ជន់ សុជាតិ ហ្គាស,,092 864 145,,,,,,,,,,,,,,
ការ៉ាស់ចំការដូង (ជិតឃ្លាំងព្រៃស),C-0415,ការ៉ាស់ចំការដូង (ជិតឃ្លាំងព្រៃស),,012 666 505,,,,,,,,,,,,,,
ការ៉ាស់លីមឡុង (ទួលពង្រ),C-0416,ការ៉ាស់លីមឡុង (ទួលពង្រ),,012 880 078,,,,,,,,,,,,,,
ខេអឹម ហ្គាស (កប់ស្រូវ),C-0417,ខេអឹម ហ្គាស (កប់ស្រូវ),,093 337 632,,,,,,,,,,,,,,
កោះកុង,C-0418,កោះកុង,,016 991 516,,,,,,,,,,,,,,
កំពង់សោម ហ្គាស,C-0419,កំពង់សោម ហ្គាស,,011 764 666 / 016 667 155,,,,,,,,,,,,,,
កំពង់ត្រាច,C-0420,កំពង់ត្រាច,,092 220 390,,,,,,,,,,,,,,
ឡុងវិបុល (តានី),C-0421,ឡុងវិបុល (តានី),,088 688 6097,,,,,,,,,,,,,,
ឡាក់គី ហ្គាស,C-0422,ឡាក់គី ហ្គាស,,010 409 991 092 811 186,,,,,,,,,,,,,,
ឃីងដឹម ហ្គាស (ពូម៉ៅ),C-0423,ឃីងដឹម ហ្គាស (ពូម៉ៅ),,078 732 976 / 017 284 185,,,,,,,,,,,,,,
ពូម៉ារ៉ាឌី,C-0424,ពូម៉ារ៉ាឌី,,098 242 222 / 092 990 166,,,,,,,,,,,,,,
ណារ៉ុង ហ្គាស (សៀមរាប),C-0425,ណារ៉ុង ហ្គាស (សៀមរាប),,012 633 266,,,,,,,,,,,,,,
ធម្មជាតិ ហ្គាស,C-0426,ធម្មជាតិ ហ្គាស,,012 852 545,,,,,,,,,,,,,,
ញូ ហ្គាស,C-0427,ញូ ហ្គាស,,017 559 223 / 087 274 840,,,,,,,,,,,,,,
ផ្សារដើមរការ,C-0428,ផ្សារដើមរការ,,086 424 596,,,,,,,,,,,,,,
រតនា ហ្គាស (ច្បារអំពៅ),C-0429,រតនា ហ្គាស (ច្បារអំពៅ),,017 300 083 / 010 500 032,,,,,,,,,,,,,,
រតនះ ហ្គាស (ចោមចៅ),C-0430,រតនះ ហ្គាស (ចោមចៅ),,096 944 9854,,,,,,,,,,,,,,
សាមគ្គី ហ្គាស (ពូផាតស្វាយរលំ),C-0431,សាមគ្គី ហ្គាស (ពូផាតស្វាយរលំ),,094 410 4444 / 078 700 005,,,,,,,,,,,,,,
តេលា (ស្វាយប៉ាក),C-0432,តេលា (ស្វាយប៉ាក),,098 666 398,,,,,,,,,,,,,,
គង់រិទ្ធ (កំពត),C-0433,គង់រិទ្ធ (កំពត),,096 664 7621,,,,,,,,,,,,,,
នៅអូឌឹម,C-0434,នៅអូឌឹម,,017 992 727,,,,,,,,,,,,,,
បុរីពិភពថ្មី (អង្គការLADS),C-0435,បុរីពិភពថ្មី (អង្គការLADS),,070 997 999 / 016 808 062,,,,,,,,,,,,,,
ផ្សារដើមអង្រ្កង,C-0436,ផ្សារដើមអង្រ្កង,,095 285 959,,,,,,,,,,,,,,
ពន្លឺ ហ្គាស (សែនសុខ),C-0437,ពន្លឺ ហ្គាស (សែនសុខ),,087 700 202,,,,,,,,,,,,,,
ពុទ្ធារី (សៀមរាប),C-0438,ពុទ្ធារី (សៀមរាប),,069 355 445,,,,,,,,,,,,,,
ព្រះវិហារ,C-0439,ព្រះវិហារ,,092 216 066,,,,,,,,,,,,,,
ម្តុំពោធិ៏ចិនតុង (ចូលតាមច្រកមីហិរ),C-0440,ម្តុំពោធិ៏ចិនតុង (ចូលតាមច្រកមីហិរ),,070 563 596,,,,,,,,,,,,,,
រស្មីមុន្នី (កំពង់សោម),C-0441,រស្មីមុន្នី (កំពង់សោម),,081 257 989,,,,,,,,,,,,,,
រ៉ាប៉ី ហ្គាស,C-0442,រ៉ាប៉ី ហ្គាស,,017 918 183,,,,,,,,,,,,,,
រាជសី (រតនះគីរី),C-0443,រាជសី (រតនះគីរី),,097 996 9853 / 099 298 844,,,,,,,,,,,,,,
លីម៉េង ហ្គាស (ម៉ៃដា),C-0444,លីម៉េង ហ្គាស (ម៉ៃដា),,012 939 982,,,,,,,,,,,,,,
ឡេងថង់ (កំពង់ស្ពឺ),C-0445,ឡេងថង់ (កំពង់ស្ពឺ),,016 697 999 / 098 788 808,,,,,,,,,,,,,,
អ៊ឹងសៀង (តាខ្មៅ),C-0446,អ៊ឹងសៀង (តាខ្មៅ),,012 966 002,,,,,,,,,,,,,,
ឡៀទីហ្វាំង (ទូតចិន),A-0447,ឡៀទីហ្វាំង (ទូតចិន),,,,,,,,,,,,,,,,
#18B st.384,B-0448,#18B st.384,,,,,,,,,,,,,,,,
ស្ពាយស៊ីស៊ីស្ទ័រ ,B-0449,ស្ពាយស៊ីស៊ីស្ទ័រ ,,,,,,,,,,,,,,,,
ហាយស្កាយ,A-0450,ហាយស្កាយ,,,,,,,,,,,,,,,,
ញូស្តារ,B-0451,ញូស្តារ,,,,,,,,,,,,,,,,
TK Squar,A-0452,TK Squar,,,,,,,,,,,,,,,,
បងចាន់,C-0453,បងចាន់,,016 705 843 / 016 315 672,,,,,,,,,,,,,,
ផ្សារដើមថ្កូវ (មុខ50),B-0454,ផ្សារដើមថ្កូវ (មុខ50),,089 943 134,,,,,,,,,,,,,,
ប៊ុនឈុន (អេតវ៉ូត),A-0455,ប៊ុនឈុន (អេតវ៉ូត),,023 986​ 202 / 098 233 566,,,,,,,,,,,,,,
តាំងហេងភាវ,B-0456,តាំងហេងភាវ,,.12 455 334 / 085 201 617,,,,,,,,,,,,,,
ម្ហូបសមុទ្រ26,B-0457,ម្ហូបសមុទ្រ26,,023 637 1777,,,,,,,,,,,,,,
ប្រហិតតាន់តាន់,B-0458,ប្រហិតតាន់តាន់,,016 522 225 / 015 777 797,,,,,,,,,,,,,,
ចិន st.494,B-0459,ចិន st.494,,096 956 8302,,,,,,,,,,,,,,
ទីស្តីការគណះរដ្ឋមន្រ្តី,B-0460,ទីស្តីការគណះរដ្ឋមន្រ្តី,,023 630 6047 / 061 232 304,,,,,,,,,,,,,,
